{
    "INDEX_GSPC-INDEX_GDAXI": [
        [
            1.0,
            -0.00706806771643334
        ],
        [
            -0.00706806771643334,
            1.0
        ]
    ],
    "INDEX_NY-INDEX_N225": [
        [
            1.0,
            0.06244661666331246
        ],
        [
            0.06244661666331246,
            1.0
        ]
    ],
    "INDEX_GSPC-INDEX_VIX": [
        [
            1.0,
            0.274353035769434
        ],
        [
            0.274353035769434,
            1.0
        ]
    ],
    "INDEX_GSPC-INDEX_NY": [
        [
            1.0,
            0.044019120557862286
        ],
        [
            0.044019120557862286,
            1.0
        ]
    ],
    "INDEX_STOXX50E-INDEX_STOXX50E": [
        [
            1.0,
            0.058814419440848614
        ],
        [
            0.058814419440848614,
            1.0
        ]
    ],
    "INDEX_NY-INDEX_GDAXI": [
        [
            1.0,
            0.06267886822879858
        ],
        [
            0.06267886822879858,
            1.0
        ]
    ],
    "INDEX_SSEC-INDEX_STOXX50E": [
        [
            1.0,
            0.0554625566517055
        ],
        [
            0.0554625566517055,
            1.0
        ]
    ],
    "INDEX_STOXX50E-INDEX_GSPC": [
        [
            1.0,
            0.06242725887295988
        ],
        [
            0.06242725887295988,
            1.0
        ]
    ],
    "INDEX_VIX-INDEX_GDAXI": [
        [
            1.0,
            0.018309131542893826
        ],
        [
            0.018309131542893826,
            1.0
        ]
    ],
    "INDEX_VIX-INDEX_VIX": [
        [
            1.0,
            0.14065231692281302
        ],
        [
            0.14065231692281302,
            1.0
        ]
    ],
    "INDEX_SSEC-INDEX_VIX": [
        [
            1.0,
            0.07456664472561608
        ],
        [
            0.07456664472561608,
            1.0
        ]
    ],
    "INDEX_GDAXI-INDEX_N225": [
        [
            1.0,
            0.22562172501683647
        ],
        [
            0.22562172501683647,
            1.0
        ]
    ],
    "INDEX_GSPC-INDEX_N225": [
        [
            1.0,
            0.03010100781626355
        ],
        [
            0.03010100781626355,
            1.0
        ]
    ],
    "INDEX_SSEC-INDEX_GSPC": [
        [
            1.0,
            0.06025163732767224
        ],
        [
            0.06025163732767224,
            1.0
        ]
    ],
    "INDEX_SSEC-INDEX_NY": [
        [
            1.0,
            0.05031128860616968
        ],
        [
            0.05031128860616968,
            1.0
        ]
    ],
    "INDEX_VIX-INDEX_NY": [
        [
            1.0,
            0.02898212098603606
        ],
        [
            0.02898212098603606,
            1.0
        ]
    ],
    "INDEX_NY-INDEX_NY": [
        [
            1.0,
            0.06333615860209281
        ],
        [
            0.06333615860209281,
            1.0
        ]
    ],
    "INDEX_VIX-INDEX_STOXX50E": [
        [
            1.0,
            0.04669296472458507
        ],
        [
            0.04669296472458507,
            1.0
        ]
    ],
    "INDEX_GDAXI-INDEX_VIX": [
        [
            1.0,
            0.21408024023214706
        ],
        [
            0.21408024023214706,
            1.0
        ]
    ],
    "INDEX_N225-INDEX_VIX": [
        [
            1.0,
            -0.05623163940964762
        ],
        [
            -0.05623163940964762,
            1.0
        ]
    ],
    "INDEX_GDAXI-INDEX_STOXX50E": [
        [
            1.0,
            0.2142785453379263
        ],
        [
            0.2142785453379263,
            1.0
        ]
    ],
    "INDEX_NY-INDEX_STOXX50E": [
        [
            1.0,
            0.060839178503909984
        ],
        [
            0.060839178503909984,
            1.0
        ]
    ],
    "INDEX_SSEC-INDEX_SSEC": [
        [
            1.0,
            0.05462839814782848
        ],
        [
            0.05462839814782848,
            1.0
        ]
    ],
    "INDEX_N225-INDEX_GDAXI": [
        [
            1.0,
            0.11597219001631974
        ],
        [
            0.11597219001631974,
            1.0
        ]
    ],
    "INDEX_GDAXI-INDEX_GSPC": [
        [
            1.0,
            0.333029279261999
        ],
        [
            0.333029279261999,
            1.0
        ]
    ],
    "INDEX_N225-INDEX_N225": [
        [
            1.0,
            0.08899878055795389
        ],
        [
            0.08899878055795389,
            1.0
        ]
    ],
    "INDEX_GSPC-INDEX_SSEC": [
        [
            1.0,
            0.07043632926887632
        ],
        [
            0.07043632926887632,
            1.0
        ]
    ],
    "INDEX_STOXX50E-INDEX_NY": [
        [
            1.0,
            0.05495628095722667
        ],
        [
            0.05495628095722667,
            1.0
        ]
    ],
    "INDEX_VIX-INDEX_N225": [
        [
            1.0,
            0.02310826275884679
        ],
        [
            0.02310826275884679,
            1.0
        ]
    ],
    "INDEX_N225-INDEX_GSPC": [
        [
            1.0,
            0.031105936123620104
        ],
        [
            0.031105936123620104,
            1.0
        ]
    ],
    "INDEX_N225-INDEX_SSEC": [
        [
            1.0,
            0.0594432155345932
        ],
        [
            0.0594432155345932,
            1.0
        ]
    ],
    "INDEX_VIX-INDEX_GSPC": [
        [
            1.0,
            0.07649885320188007
        ],
        [
            0.07649885320188007,
            1.0
        ]
    ],
    "INDEX_STOXX50E-INDEX_N225": [
        [
            1.0,
            0.05357276669913662
        ],
        [
            0.05357276669913662,
            1.0
        ]
    ],
    "INDEX_NY-INDEX_SSEC": [
        [
            1.0,
            0.059237435713323926
        ],
        [
            0.059237435713323926,
            1.0
        ]
    ],
    "INDEX_STOXX50E-INDEX_SSEC": [
        [
            1.0,
            0.05784566259278297
        ],
        [
            0.05784566259278297,
            1.0
        ]
    ],
    "INDEX_STOXX50E-INDEX_GDAXI": [
        [
            1.0,
            0.05463098331500402
        ],
        [
            0.05463098331500402,
            1.0
        ]
    ],
    "INDEX_GDAXI-INDEX_GDAXI": [
        [
            1.0,
            1.0
        ],
        [
            1.0,
            1.0
        ]
    ],
    "INDEX_N225-INDEX_STOXX50E": [
        [
            1.0,
            0.05869522387438882
        ],
        [
            0.05869522387438882,
            1.0
        ]
    ],
    "INDEX_NY-INDEX_GSPC": [
        [
            1.0,
            0.05633810923141317
        ],
        [
            0.05633810923141317,
            1.0
        ]
    ],
    "INDEX_NY-INDEX_VIX": [
        [
            1.0,
            0.04705321666948266
        ],
        [
            0.04705321666948266,
            1.0
        ]
    ],
    "INDEX_SSEC-INDEX_GDAXI": [
        [
            1.0,
            0.04882937358516488
        ],
        [
            0.04882937358516488,
            1.0
        ]
    ],
    "INDEX_GSPC-INDEX_STOXX50E": [
        [
            1.0,
            0.0724953724737314
        ],
        [
            0.0724953724737314,
            1.0
        ]
    ],
    "INDEX_GDAXI-INDEX_NY": [
        [
            1.0,
            0.22525594291167722
        ],
        [
            0.22525594291167722,
            1.0
        ]
    ],
    "INDEX_STOXX50E-INDEX_VIX": [
        [
            1.0,
            0.07238808231233969
        ],
        [
            0.07238808231233969,
            1.0
        ]
    ],
    "INDEX_VIX-INDEX_SSEC": [
        [
            1.0,
            0.04576372668492409
        ],
        [
            0.04576372668492409,
            1.0
        ]
    ],